asin,title
0827229534, Patterns of Preaching: A Sermon Sampler
0738700797, Candlemas: Feast of Flames
0486287785, World War II Allied Fighter Planes Trading Cards
0842328327, Life Application Bible Commentary: 1 and 2 Timothy and Titus
1577943082, Prayers That Avail Much for Business: Executive
0486220125, How the Other Half Lives: Studies Among the Tenements of New York
B00000AU3R, Batik
0231118597, Losing Matt Shepard
1859677800, Making Bread: The Taste of Traditional Home-Baking
0375709363, The Edward Said Reader
0871318237, Resetting the Clock : Five Anti-Aging Hormones That Improve and Extend Life
1590770218, Fantastic Food with Splenda : 160 Great Recipes for Meals Low in Sugar  Carbohydrates  Fat  and Calories
0313230269, Clockwork Worlds : Mechanized Environments in SF (Contributions to the Study of Science Fiction and Fantasy)
B00004W1W1, Later...
1559362022, Wake Up and Smell the Coffee
0195110382, War at Sea: A Naval History of World War II
0849311012, Telecommunications Cost Management
B000007R0T, Sol to Soul
078510870X, Ultimate Marvel Team-Up
3895780812, Computed Tomography : Fundamentals  System Technology  Image Quality  Applications
0790747324, The Time Machine
B00005NTSV, Come What May
0393049388, Strange Fire: A Novel
0553525476, The Casebook of Sherlock Holmes  Volume 2 (Casebook of Sherlock Holmes)
0939165252, Jailed for Freedom: American Women Win the Vote
1590930509, Chicken Little
0231096704, The Columbia Anthology of Gay Literature
1893732290, God Knows Marriage Isn't Always Easy: 12 Ways to Add Zest (God Knows)
0781718791, Advanced Pediatric Clinical Assessment: Skills and Procedures
0471150274, Solving Statics Problems with MathCAD
0895872218, Backroad Buffets & Country Cafes: A Southern Guide to Meat-And-Threes & Down-Home Dining
0761116982, Staff Meals from Chanterelle
0439240751, Double Jeopardy (T*Witches  6)
B000002O8D, Southern By the Grace of God: Lynyrd Skynyrd Tribute Tour  Vol. 1
0618111212, Burnt Toast on Davenport Street
1898630038, Uists & Barra (Pevensey Island guides)
B000056PNC, Mark Messier - Leader  Champion & Legend
0787950599, Resolving Conflicts At Work : A Complete Guide for Everyone on the Job
0312199406, Night of Many Dreams : A Novel
1573221740, Renovations: A Father and Son Rebuild a House and Rediscover Each Other
0130132543, Workbook: The Long-Term Care Nursing Assistant
B000056PNB, Pixote
0486268780, Selected Poems (Dover Thrift Editions)
B000056PNE, The NBA's 100 Greatest Plays
1861007418, Beginning ASP.NET Databases using C#
0826449379, Alternative Worlds in Fantasy Fiction (Contemporary Classics of Children's Literature)
0590568833, How to Kill a Monster (Goosebumps)
0439420717, Scooby-doo Mysteries #24 (Scooby-Doo Mysteries)
B00004W1WI, Murder She Wrote
B00004W1WK, Still Life
0687054532, Out on the Edge: A Wake-Up Call for Church Leaders on the Edge of the Media Reformation
0875420532, Secrets of Gypsy Love Magick (Llewellyn's New Age Series)
0944708498, Baby Boomer Retirement: 65 Simple Ways to Protect Your Future
0613100093, Betsy & Tacy Go over the Big Hill (Betsy and Tacy Books)
0486275035, Goldilocks and the Three Bears : Full-Color Picture Book (Dover Little Activity Books)
1550416243, Three Bricks Shy of a Load: A Collection of True Stories About Ordinary People Doing Really Dumb Stuff!
0398068917, Investigating Computer Crime: A Primer for Security Managers
087842461X, Raptors of the Rockies: Biology of the Birds of Prey and Species Accounts of the Raptors of the Rockies
6303360041, None But the Lonely Heart
0393971694, Renaissance Music: Music in Western Europe  1400-1600 (Norton Introduction to Music History)
1550373080, Hermanos (Hablemos)
0026879077, Scoring High on the Stanford Achievement Test
0966723821, Historia De Cancer De Una Dietista : Informacion & Inspiracion para la Recuperacion & Curacion Sobreviviente de tres canceres
0689846088, A Charlie Brown Christmas
0273651870, Economics for Business
0393037622, Blood and Guts: A Short History of Medicine
1571515429, Picture Me With My Friend Jesus: Girl Version (Picture Me)
0810114275, Experiencing and the Creation of Meaning: A Philosophical and Psychological Approach to the Subjective (Studies in Phenomenology and Existential Philosophy)
0415925398, Negotiated Empires: Centers and Peripheries in the New World  1500-1820
0415223954, Geographies of Young People: The Morally Contested Spaces of Identity (Critical Geographies)
B0000060T5, Jonny Quest - Bandit in Adventures Best Friend
157281196X, Power of Flowers: An Archetypal Journey Through Nature
0375803394, The Perfect Plan (7th Heaven)
0113300174, Service Delivery (It Infrastructure Library Series)
0786863919, Disney A to Z : The Updated Official Encyclopedia (Disney a to Z)
1581150040, The Writer's Legal Guide (2nd ed)
0312982178, Water Touching Stone
0874850037, The Ebony Cookbook: A Date With a Dish
0811726371, Today's Military Wife: Meeting the Challenges of Service Life (Today's Military Wife)
1884997015, In Quest of God: The Saga of an Extraordinary Pilgrimage
6304286961, The Doors
0140430407, Puddnhead Wilson : And  Those Extraordinary Twins (The Penguin English Library)
059516630X, A Candle for Bobby
B000063W82, The Best of Schoolhouse Rock! - 30th Anniversary Edition
0912500476, Amamantar Sencillo y Puro
0807205249, Junie B. Jones Collection: Books 9-12
0415157528, Colloquial Polish: The Complete Course for Beginners (Colloquial Series (Book Only))
039802278X, Normal and Abnormal Development: The Influence of Primitive Reflexes on Motor Development
B00005ARCQ, Desde Que Samba E Samba
0671727737, The Eagle Has Landed
